number;title;kp_rating;imbd_rating;year;url;_utc_timestamp
97;…А в душе я танцую;8.111;7.8;2004;https://www.kinopoisk.ru/film/84014;2020-01-03 11:24:11
210;Я – Сэм;8.003;7.6;2001;https://www.kinopoisk.ru/film/706;2020-01-03 11:24:19
425;Я шагаю по Москве;7.997;7.9;1963;https://www.kinopoisk.ru/film/42398;2020-01-03 11:24:27
80;Эффект бабочки;8.168;7.6;2003;https://www.kinopoisk.ru/film/5167;2020-01-03 11:24:11
50;Эта замечательная жизнь;8.452;8.6;1947;https://www.kinopoisk.ru/film/348;2020-01-03 11:24:11
491;Эквилибриум;7.894;7.4;2002;https://www.kinopoisk.ru/film/309;2020-01-03 11:24:27
391;Эдвард руки-ножницы;7.993;7.9;1990;https://www.kinopoisk.ru/film/8421;2020-01-03 11:24:19
378;Шёпот сердца;8.286;8.0;1995;https://www.kinopoisk.ru/film/32714;2020-01-03 11:24:19
193;Шрэк;7.985;7.8;2001;https://www.kinopoisk.ru/film/430;2020-01-03 11:24:11
56;Шоу Трумана;8.252;8.1;1998;https://www.kinopoisk.ru/film/4541;2020-01-03 11:24:11
73;Шестое чувство;8.172;8.1;1999;https://www.kinopoisk.ru/film/395;2020-01-03 11:24:11
139;Шерлок Холмс и доктор Ватсон: Сокровища Агры  (ТВ);8.349;8.4;1983;https://www.kinopoisk.ru/film/77264;2020-01-03 11:24:11
98;Шерлок Холмс и доктор Ватсон: Смертельная схватка  (ТВ);8.426;8.6;1980;https://www.kinopoisk.ru/film/354799;2020-01-03 11:24:11
109;Шерлок Холмс и доктор Ватсон: Кровавая надпись  (ТВ);8.414;8.5;1979;https://www.kinopoisk.ru/film/77265;2020-01-03 11:24:11
131;Шерлок Холмс и доктор Ватсон: Король шантажа  (ТВ);8.357;8.5;1980;https://www.kinopoisk.ru/film/368936;2020-01-03 11:24:11
65;Шерлок Холмс и доктор Ватсон: Знакомство  (ТВ);8.556;8.6;1980;https://www.kinopoisk.ru/film/77269;2020-01-03 11:24:11
339;Шерлок Холмс и доктор Ватсон: Двадцатый век начинается  (ТВ);8.182;8.0;1987;https://www.kinopoisk.ru/film/77267;2020-01-03 11:24:19
156;Шерлок Холмс;8.071;7.6;2009;https://www.kinopoisk.ru/film/420923;2020-01-03 11:24:11
471;Чёрный лебедь;7.731;8.0;2010;https://www.kinopoisk.ru/film/278273;2020-01-03 11:24:27
324;Чужой;8.062;8.4;1979;https://www.kinopoisk.ru/film/386;2020-01-03 11:24:19
296;Чужие;8.04;8.3;1986;https://www.kinopoisk.ru/film/406;2020-01-03 11:24:19
453;Что гложет Гилберта Грейпа?;7.934;7.8;1993;https://www.kinopoisk.ru/film/4466;2020-01-03 11:24:27
315;Чтец;7.934;7.6;2008;https://www.kinopoisk.ru/film/325439;2020-01-03 11:24:19
351;Четыреста ударов;8.096;8.1;1959;https://www.kinopoisk.ru/film/510;2020-01-03 11:24:19
310;Черная кошка, белый кот;7.973;8.1;1998;https://www.kinopoisk.ru/film/38198;2020-01-03 11:24:19
179;Человек-слон;8.104;8.1;1980;https://www.kinopoisk.ru/film/464;2020-01-03 11:24:11
470;Человек-паук: Через вселенные;7.984;8.4;2018;https://www.kinopoisk.ru/film/920265;2020-01-03 11:24:27
254;Человек с бульвара Капуцинов;8.015;7.8;1987;https://www.kinopoisk.ru/film/45463;2020-01-03 11:24:19
70;Человек дождя;8.247;8.0;1988;https://www.kinopoisk.ru/film/519;2020-01-03 11:24:11
311;Чаплин;7.962;7.6;1992;https://www.kinopoisk.ru/film/2058;2020-01-03 11:24:19
199;Цирк;8.017;8.2;1928;https://www.kinopoisk.ru/film/2119;2020-01-03 11:24:11
305;Цельнометаллическая оболочка;8.008;8.3;1987;https://www.kinopoisk.ru/film/418;2020-01-03 11:24:19
412;Цветок пустыни;7.957;7.4;2009;https://www.kinopoisk.ru/film/470769;2020-01-03 11:24:27
208;Хулиганы;8.027;7.5;2005;https://www.kinopoisk.ru/film/77444;2020-01-03 11:24:19
64;Храброе сердце;8.281;8.3;1995;https://www.kinopoisk.ru/film/399;2020-01-03 11:24:11
51;Хороший, плохой, злой;8.527;8.8;1966;https://www.kinopoisk.ru/film/349;2020-01-03 11:24:11
52;Хористы;8.277;7.9;2004;https://www.kinopoisk.ru/film/51481;2020-01-03 11:24:11
247;Холодное лето пятьдесят третьего...;8.05;7.9;1987;https://www.kinopoisk.ru/film/7660;2020-01-03 11:24:19
482;Холодная гора;7.846;7.2;2003;https://www.kinopoisk.ru/film/1942;2020-01-03 11:24:27
101;Ходячий замок;8.279;8.2;2004;https://www.kinopoisk.ru/film/49684;2020-01-03 11:24:11
205;Хоббит: Пустошь Смауга;7.97;7.8;2013;https://www.kinopoisk.ru/film/408876;2020-01-03 11:24:19
105;Хоббит: Нежданное путешествие;8.061;7.8;2012;https://www.kinopoisk.ru/film/278522;2020-01-03 11:24:11
45;Хатико: Самый верный друг;8.341;8.1;2008;https://www.kinopoisk.ru/film/387556;2020-01-03 11:24:11
285;Харакири;8.101;8.7;1962;https://www.kinopoisk.ru/film/103148;2020-01-03 11:24:19
424;Фрида;7.911;7.4;2002;https://www.kinopoisk.ru/film/676;2020-01-03 11:24:27
3;Форрест Гамп;8.913;8.8;1994;https://www.kinopoisk.ru/film/448;2020-01-03 11:24:11
281;Формула любви  (ТВ);8.166;8.1;1984;https://www.kinopoisk.ru/film/81432;2020-01-03 11:24:19
495;Ушедшие;8.077;8.1;2008;https://www.kinopoisk.ru/film/391762;2020-01-03 11:24:27
215;Ураган;7.96;7.6;1999;https://www.kinopoisk.ru/film/4914;2020-01-03 11:24:19
47;Унесённые призраками;8.433;8.6;2001;https://www.kinopoisk.ru/film/370;2020-01-03 11:24:11
89;Унесенные ветром;8.382;8.1;1939;https://www.kinopoisk.ru/film/456;2020-01-03 11:24:11
142;Умница Уилл Хантинг;8.074;8.3;1997;https://www.kinopoisk.ru/film/539;2020-01-03 11:24:11
85;Укрощение строптивого;8.385;7.7;1980;https://www.kinopoisk.ru/film/63912;2020-01-03 11:24:11
221;Убить пересмешника;8.037;8.3;1962;https://www.kinopoisk.ru/film/357;2020-01-03 11:24:19
204;Тэмпл Грандин  (ТВ);7.935;8.3;2010;https://www.kinopoisk.ru/film/424153;2020-01-03 11:24:19
260;Троя;8.022;7.2;2004;https://www.kinopoisk.ru/film/3442;2020-01-03 11:24:19
278;Тропы славы;8.08;8.4;1957;https://www.kinopoisk.ru/film/360;2020-01-03 11:24:19
466;Триумф;7.842;7.4;2005;https://www.kinopoisk.ru/film/77795;2020-01-03 11:24:27
334;Три тополя на Плющихе;8.108;7.8;1968;https://www.kinopoisk.ru/film/42308;2020-01-03 11:24:19
460;Три плюс два;8.028;7.4;1963;https://www.kinopoisk.ru/film/46792;2020-01-03 11:24:27
219;Три идиота;8.059;8.4;2009;https://www.kinopoisk.ru/film/423210;2020-01-03 11:24:19
167;Три билборда на границе Эббинга, Миссури;8.166;8.2;2017;https://www.kinopoisk.ru/film/944098;2020-01-03 11:24:11
492;Тренировочный день;7.831;7.7;2001;https://www.kinopoisk.ru/film/863;2020-01-03 11:24:27
175;Тренер Картер;8.041;7.3;2005;https://www.kinopoisk.ru/film/77531;2020-01-03 11:24:11
201;Трасса 60;8.015;7.7;2001;https://www.kinopoisk.ru/film/3563;2020-01-03 11:24:19
480;Трамвай «Желание»;8.028;8.0;1951;https://www.kinopoisk.ru/film/486;2020-01-03 11:24:27
170;Тот самый Мюнхгаузен  (ТВ);8.276;8.5;1979;https://www.kinopoisk.ru/film/77283;2020-01-03 11:24:11
472;Токийская повесть;8.032;8.2;1953;https://www.kinopoisk.ru/film/79836;2020-01-03 11:24:27
455;Тихий Дон;8.132;7.8;1957;https://www.kinopoisk.ru/film/42248;2020-01-03 11:24:27
40;Титаник;8.365;7.8;1997;https://www.kinopoisk.ru/film/2213;2020-01-03 11:24:11
58;Терминатор 2: Судный день;8.307;8.5;1991;https://www.kinopoisk.ru/film/444;2020-01-03 11:24:11
451;Терминатор;7.972;8.0;1984;https://www.kinopoisk.ru/film/507;2020-01-03 11:24:27
141;Терминал;8.069;7.3;2004;https://www.kinopoisk.ru/film/6877;2020-01-03 11:24:11
91;Темный рыцарь: Возрождение легенды;8.138;8.4;2012;https://www.kinopoisk.ru/film/437410;2020-01-03 11:24:11
39;Темный рыцарь;8.5;9.0;2008;https://www.kinopoisk.ru/film/111543;2020-01-03 11:24:11
468;Телохранитель;8.011;8.2;1961;https://www.kinopoisk.ru/film/445;2020-01-03 11:24:27
176;Твоё имя;8.308;8.4;2016;https://www.kinopoisk.ru/film/958722;2020-01-03 11:24:11
135;Танцующий с волками;8.11;8.0;1990;https://www.kinopoisk.ru/film/2037;2020-01-03 11:24:11
394;Танцующая в темноте;7.943;8.0;2000;https://www.kinopoisk.ru/film/646;2020-01-03 11:24:19
420;Такси;7.892;7.0;1998;https://www.kinopoisk.ru/film/14349;2020-01-03 11:24:27
326;Тайна третьей планеты;8.017;8.0;1981;https://www.kinopoisk.ru/film/42172;2020-01-03 11:24:19
32;Тайна Коко;8.597;8.4;2017;https://www.kinopoisk.ru/film/679486;2020-01-03 11:24:11
437;Таинственная река;7.796;7.9;2003;https://www.kinopoisk.ru/film/3730;2020-01-03 11:24:27
94;Счастливое число Слевина;8.112;7.7;2005;https://www.kinopoisk.ru/film/86326;2020-01-03 11:24:11
183;Схватка;8.034;8.2;1995;https://www.kinopoisk.ru/film/571;2020-01-03 11:24:11
271;Сука-любовь;7.915;8.1;2000;https://www.kinopoisk.ru/film/488;2020-01-03 11:24:19
81;Судьба человека;8.368;8.0;1959;https://www.kinopoisk.ru/film/44027;2020-01-03 11:24:11
223;Столкновение;7.886;7.8;2004;https://www.kinopoisk.ru/film/61297;2020-01-03 11:24:19
294;Стена;8.109;8.1;1982;https://www.kinopoisk.ru/film/23712;2020-01-03 11:24:19
232;Старший сын  (ТВ);8.174;8.0;1975;https://www.kinopoisk.ru/film/43982;2020-01-03 11:24:19
500;Старая, старая сказка;8.07;7.5;1968;https://www.kinopoisk.ru/film/43974;2020-01-03 11:24:27
259;Стальной гигант;8.069;8.0;1999;https://www.kinopoisk.ru/film/538;2020-01-03 11:24:19
300;Сталкер;8.084;8.2;1979;https://www.kinopoisk.ru/film/43970;2020-01-03 11:24:19
4;Список Шиндлера;8.817;8.9;1993;https://www.kinopoisk.ru/film/329;2020-01-03 11:24:11
359;Спирит: Душа прерий;8.089;7.1;2002;https://www.kinopoisk.ru/film/839;2020-01-03 11:24:19
77;Спасти рядового Райана;8.178;8.6;1998;https://www.kinopoisk.ru/film/371;2020-01-03 11:24:11
372;Спасатель;7.96;6.9;2006;https://www.kinopoisk.ru/film/104921;2020-01-03 11:24:19
322;Сонная Лощина;7.948;7.3;1999;https://www.kinopoisk.ru/film/5622;2020-01-03 11:24:19
467;Солярис;8.013;8.1;1972;https://www.kinopoisk.ru/film/43911;2020-01-03 11:24:27
272;Совершенный мир;7.962;7.6;1993;https://www.kinopoisk.ru/film/8178;2020-01-03 11:24:19
61;Собачье сердце  (ТВ);8.343;8.7;1988;https://www.kinopoisk.ru/film/77335;2020-01-03 11:24:11
262;Смех и горе у Бела моря;8.101;7.7;1988;https://www.kinopoisk.ru/film/279828;2020-01-03 11:24:19
410;Смертельное оружие;7.968;7.6;1987;https://www.kinopoisk.ru/film/15061;2020-01-03 11:24:27
346;Служили два товарища;8.163;8.0;1968;https://www.kinopoisk.ru/film/43870;2020-01-03 11:24:19
90;Служебный роман;8.29;8.3;1977;https://www.kinopoisk.ru/film/43869;2020-01-03 11:24:11
448;Сладкая жизнь;8.01;8.0;1960;https://www.kinopoisk.ru/film/7722;2020-01-03 11:24:27
144;Славные парни;8.117;8.7;1990;https://www.kinopoisk.ru/film/350;2020-01-03 11:24:11
379;Скала;7.941;7.4;1996;https://www.kinopoisk.ru/film/2333;2020-01-03 11:24:19
385;Сережа;8.136;7.8;1960;https://www.kinopoisk.ru/film/43700;2020-01-03 11:24:19
158;Семь самураев;8.153;8.6;1954;https://www.kinopoisk.ru/film/332;2020-01-03 11:24:11
130;Семь жизней;8.178;7.6;2008;https://www.kinopoisk.ru/film/395787;2020-01-03 11:24:11
54;Семь;8.295;8.6;1995;https://www.kinopoisk.ru/film/377;2020-01-03 11:24:11
252;Секреты Лос-Анджелеса;7.929;8.2;1997;https://www.kinopoisk.ru/film/363;2020-01-03 11:24:19
330;Седьмая печать;8.073;8.2;1957;https://www.kinopoisk.ru/film/425;2020-01-03 11:24:19
386;Святые из Бундока;7.946;7.8;1999;https://www.kinopoisk.ru/film/4917;2020-01-03 11:24:19
108;Свидетель обвинения;8.159;8.4;1957;https://www.kinopoisk.ru/film/489;2020-01-03 11:24:11
312;Сансет бульвар;7.996;8.4;1950;https://www.kinopoisk.ru/film/353;2020-01-03 11:24:19
140;Самый быстрый Indian;8.028;7.8;2005;https://www.kinopoisk.ru/film/81512;2020-01-03 11:24:11
138;Рэй;8.051;7.7;2004;https://www.kinopoisk.ru/film/5319;2020-01-03 11:24:11
237;Русалочка;8.208;7.6;1989;https://www.kinopoisk.ru/film/8147;2020-01-03 11:24:19
152;Ромео и Джульетта;8.211;7.6;1968;https://www.kinopoisk.ru/film/15204;2020-01-03 11:24:11
418;Рокко и его братья;8.053;8.3;1960;https://www.kinopoisk.ru/film/13540;2020-01-03 11:24:27
380;Рок-волна;7.881;7.4;2009;https://www.kinopoisk.ru/film/416824;2020-01-03 11:24:19
406;Робин Гуд;8.072;7.6;1973;https://www.kinopoisk.ru/film/17579;2020-01-03 11:24:27
87;Римские каникулы;8.274;8.0;1953;https://www.kinopoisk.ru/film/497;2020-01-03 11:24:11
263;Республика ШКИД;8.176;7.9;1966;https://www.kinopoisk.ru/film/42088;2020-01-03 11:24:19
241;Реквием по мечте;7.982;8.3;2000;https://www.kinopoisk.ru/film/367;2020-01-03 11:24:19
422;Ребекка;7.961;8.1;1940;https://www.kinopoisk.ru/film/426;2020-01-03 11:24:27
328;Реальная любовь;7.911;7.6;2003;https://www.kinopoisk.ru/film/6144;2020-01-03 11:24:19
216;Рататуй;7.955;8.0;2007;https://www.kinopoisk.ru/film/89514;2020-01-03 11:24:19
352;Расёмон;8.017;8.2;1950;https://www.kinopoisk.ru/film/388;2020-01-03 11:24:19
229;Рапунцель: Запутанная история;7.94;7.7;2010;https://www.kinopoisk.ru/film/84049;2020-01-03 11:24:19
332;Разрисованная вуаль;7.914;7.5;2006;https://www.kinopoisk.ru/film/102201;2020-01-03 11:24:19
114;Пятый элемент;8.076;7.7;1997;https://www.kinopoisk.ru/film/2656;2020-01-03 11:24:11
298;Путь Карлито;7.964;7.9;1993;https://www.kinopoisk.ru/film/4275;2020-01-03 11:24:19
188;Психо;8.086;8.5;1960;https://www.kinopoisk.ru/film/344;2020-01-03 11:24:11
248;Профессионал;8.114;7.6;1981;https://www.kinopoisk.ru/film/39259;2020-01-03 11:24:19
488;Простая история;7.825;8.0;1999;https://www.kinopoisk.ru/film/442;2020-01-03 11:24:27
38;Пролетая над гнездом кукушки;8.543;8.7;1975;https://www.kinopoisk.ru/film/336;2020-01-03 11:24:11
270;Проверка на дорогах;7.979;7.9;1971;https://www.kinopoisk.ru/film/43332;2020-01-03 11:24:19
44;Пробуждение;8.439;7.8;1990;https://www.kinopoisk.ru/film/2950;2020-01-03 11:24:11
69;Прислуга;8.164;8.1;2011;https://www.kinopoisk.ru/film/470553;2020-01-03 11:24:11
186;Принцесса Мононоке;8.152;8.4;1997;https://www.kinopoisk.ru/film/441;2020-01-03 11:24:11
53;Приключения Шерлока Холмса и доктора Ватсона: Собака Баскервилей  (ТВ);8.6;8.7;1981;https://www.kinopoisk.ru/film/77263;2020-01-03 11:24:11
119;Приключения Шерлока Холмса и доктора Ватсона: Охота на тигра  (ТВ);8.381;8.5;1980;https://www.kinopoisk.ru/film/368937;2020-01-03 11:24:11
134;Привидение;8.165;7.0;1990;https://www.kinopoisk.ru/film/1991;2020-01-03 11:24:11
16;Престиж;8.523;8.5;2006;https://www.kinopoisk.ru/film/195334;2020-01-03 11:24:11
234;Поющие под дождем;8.051;8.3;1952;https://www.kinopoisk.ru/film/368;2020-01-03 11:24:19
196;Последний самурай;8.064;7.7;2003;https://www.kinopoisk.ru/film/6764;2020-01-03 11:24:11
431;Помни;7.869;8.4;2000;https://www.kinopoisk.ru/film/335;2020-01-03 11:24:27
287;Покровские ворота  (ТВ);8.205;8.1;1982;https://www.kinopoisk.ru/film/77203;2020-01-03 11:24:19
206;Пока не сыграл в ящик;8.049;7.4;2007;https://www.kinopoisk.ru/film/258885;2020-01-03 11:24:19
26;Поймай меня, если сможешь;8.513;8.1;2002;https://www.kinopoisk.ru/film/324;2020-01-03 11:24:11
464;Подозрительные лица;7.859;8.5;1995;https://www.kinopoisk.ru/film/340;2020-01-03 11:24:27
212;Подмена;7.935;7.7;2008;https://www.kinopoisk.ru/film/279880;2020-01-03 11:24:19
333;Подкидыш;8.081;7.7;1939;https://www.kinopoisk.ru/film/43044;2020-01-03 11:24:19
329;Подводная лодка;8.047;8.3;1981;https://www.kinopoisk.ru/film/362;2020-01-03 11:24:19
1;Побег из Шоушенка;9.111;9.3;1994;https://www.kinopoisk.ru/film/326;2020-01-03 11:24:11
299;По соображениям совести;7.929;8.1;2016;https://www.kinopoisk.ru/film/649917;2020-01-03 11:24:19
316;По семейным обстоятельствам  (ТВ);8.162;7.7;1978;https://www.kinopoisk.ru/film/43007;2020-01-03 11:24:19
357;Плата за страх;8.046;8.1;1952;https://www.kinopoisk.ru/film/7727;2020-01-03 11:24:19
154;Планета Ка-Пэкс;8.015;7.4;2001;https://www.kinopoisk.ru/film/723;2020-01-03 11:24:11
177;Писатели свободы;8.022;7.5;2006;https://www.kinopoisk.ru/film/195226;2020-01-03 11:24:11
145;Пираты Карибского моря: Сундук мертвеца;8.09;7.3;2006;https://www.kinopoisk.ru/film/63991;2020-01-03 11:24:11
36;Пираты Карибского моря: Проклятие Черной жемчужины;8.334;8.0;2003;https://www.kinopoisk.ru/film/4374;2020-01-03 11:24:11
246;Пираты Карибского моря: На краю Света;8.008;7.1;2007;https://www.kinopoisk.ru/film/102124;2020-01-03 11:24:19
27;Пианист;8.463;8.5;2002;https://www.kinopoisk.ru/film/355;2020-01-03 11:24:11
217;Песнь моря;8.089;8.1;2014;https://www.kinopoisk.ru/film/714248;2020-01-03 11:24:19
362;Персона;8.083;8.1;1966;https://www.kinopoisk.ru/film/79506;2020-01-03 11:24:19
452;Перл-Харбор;7.92;6.2;2001;https://www.kinopoisk.ru/film/1957;2020-01-03 11:24:27
449;Перед рассветом;7.931;8.1;1995;https://www.kinopoisk.ru/film/18368;2020-01-03 11:24:27
153;Перед классом  (ТВ);8.074;8.1;2008;https://www.kinopoisk.ru/film/428457;2020-01-03 11:24:11
405;Патриот;7.914;7.2;2000;https://www.kinopoisk.ru/film/781;2020-01-03 11:24:27
319;Паразиты;8.074;8.6;2019;https://www.kinopoisk.ru/film/1043758;2020-01-03 11:24:19
421;Охотник на оленей;7.951;8.1;1978;https://www.kinopoisk.ru/film/428;2020-01-03 11:24:27
320;Охота;7.905;8.3;2012;https://www.kinopoisk.ru/film/647671;2020-01-03 11:24:19
75;Офицеры;8.452;7.7;1971;https://www.kinopoisk.ru/film/42736;2020-01-03 11:24:11
25;Отступники;8.455;8.5;2006;https://www.kinopoisk.ru/film/81314;2020-01-03 11:24:11
347;Отпетые мошенники;7.985;7.4;1988;https://www.kinopoisk.ru/film/9208;2020-01-03 11:24:19
171;Отец солдата;8.24;8.7;1964;https://www.kinopoisk.ru/film/44218;2020-01-03 11:24:11
327;Отель «Руанда»;7.847;8.1;2004;https://www.kinopoisk.ru/film/77859;2020-01-03 11:24:19
358;Отель «Гранд Будапешт»;7.869;8.1;2014;https://www.kinopoisk.ru/film/683999;2020-01-03 11:24:19
423;Отверженные;7.901;7.6;2012;https://www.kinopoisk.ru/film/566055;2020-01-03 11:24:27
454;Остров собак;8.094;7.9;2018;https://www.kinopoisk.ru/film/939785;2020-01-03 11:24:27
37;Остров проклятых;8.493;8.1;2009;https://www.kinopoisk.ru/film/397667;2020-01-03 11:24:11
402;Остров;7.89;7.9;2006;https://www.kinopoisk.ru/film/257337;2020-01-03 11:24:27
375;Осенняя соната;7.974;8.3;1978;https://www.kinopoisk.ru/film/924;2020-01-03 11:24:19
438;Осенний марафон;8.0;7.9;1979;https://www.kinopoisk.ru/film/42799;2020-01-03 11:24:27
397;Освобождение: Прорыв;8.179;7.2;1969;https://www.kinopoisk.ru/film/392539;2020-01-03 11:24:19
313;Освобождение: Последний штурм;8.182;7.3;1971;https://www.kinopoisk.ru/film/392541;2020-01-03 11:24:19
409;Освобождение: Огненная дуга;8.176;7.2;1968;https://www.kinopoisk.ru/film/94296;2020-01-03 11:24:27
434;Освобождение: Направление главного удара;8.115;7.7;1970;https://www.kinopoisk.ru/film/46318;2020-01-03 11:24:27
318;Освобождение: Битва за Берлин;8.184;7.2;1971;https://www.kinopoisk.ru/film/392540;2020-01-03 11:24:19
15;Операция «Ы» и другие приключения Шурика;8.712;8.6;1965;https://www.kinopoisk.ru/film/42782;2020-01-03 11:24:11
100;Они сражались за Родину;8.377;8.0;1975;https://www.kinopoisk.ru/film/42770;2020-01-03 11:24:11
436;Олдбой;8.099;8.4;2003;https://www.kinopoisk.ru/film/75871;2020-01-03 11:24:27
185;Октябрьское небо;8.025;7.8;1999;https://www.kinopoisk.ru/film/2056;2020-01-03 11:24:11
257;Окно во двор;8.033;8.4;1954;https://www.kinopoisk.ru/film/337;2020-01-03 11:24:19
295;Однажды на Диком Западе;8.035;8.5;1968;https://www.kinopoisk.ru/film/376;2020-01-03 11:24:19
323;Однажды двадцать лет спустя;8.01;7.3;1980;https://www.kinopoisk.ru/film/25082;2020-01-03 11:24:19
86;Однажды в Америке;8.274;8.4;1983;https://www.kinopoisk.ru/film/469;2020-01-03 11:24:11
113;Одиннадцать друзей Оушена;8.094;7.8;2001;https://www.kinopoisk.ru/film/770;2020-01-03 11:24:11
116;Один дома;8.232;7.6;1990;https://www.kinopoisk.ru/film/8124;2020-01-03 11:24:11
68;Одержимость;8.328;8.5;2013;https://www.kinopoisk.ru/film/725190;2020-01-03 11:24:11
416;Одержимость;7.856;7.0;2004;https://www.kinopoisk.ru/film/23737;2020-01-03 11:24:27
345;Огни рампы;8.069;8.1;1952;https://www.kinopoisk.ru/film/2113;2020-01-03 11:24:19
46;Огни большого города;8.507;8.5;1931;https://www.kinopoisk.ru/film/414;2020-01-03 11:24:11
267;Обыкновенное чудо  (ТВ);8.209;8.3;1978;https://www.kinopoisk.ru/film/77282;2020-01-03 11:24:19
111;Общество мертвых поэтов;8.213;8.1;1989;https://www.kinopoisk.ru/film/4996;2020-01-03 11:24:11
442;Области тьмы;7.981;7.4;2011;https://www.kinopoisk.ru/film/462606;2020-01-03 11:24:27
159;Нюрнбергский процесс;8.12;8.2;1961;https://www.kinopoisk.ru/film/13738;2020-01-03 11:24:11
268;Ночи Кабирии;8.021;8.1;1957;https://www.kinopoisk.ru/film/63929;2020-01-03 11:24:19
62;Нокдаун;8.203;8.0;2005;https://www.kinopoisk.ru/film/12244;2020-01-03 11:24:11
192;Новый кинотеатр «Парадизо»;7.959;8.5;1988;https://www.kinopoisk.ru/film/424;2020-01-03 11:24:11
123;Новые времена;8.102;8.5;1936;https://www.kinopoisk.ru/film/408;2020-01-03 11:24:11
479;Непрощенный;7.848;8.2;1992;https://www.kinopoisk.ru/film/451;2020-01-03 11:24:27
446;Невозможное;7.901;7.6;2012;https://www.kinopoisk.ru/film/518037;2020-01-03 11:24:27
374;Невидимые дети;7.853;7.5;2005;https://www.kinopoisk.ru/film/81542;2020-01-03 11:24:19
124;Невидимая сторона;8.149;7.6;2009;https://www.kinopoisk.ru/film/450213;2020-01-03 11:24:11
331;Невероятные приключения итальянцев в России;8.051;7.7;1973;https://www.kinopoisk.ru/film/46421;2020-01-03 11:24:19
444;Небо над Берлином;7.932;8.0;1987;https://www.kinopoisk.ru/film/8403;2020-01-03 11:24:27
280;Небесный замок Лапута;8.243;8.0;1986;https://www.kinopoisk.ru/film/1846;2020-01-03 11:24:19
276;Не может быть!;8.126;7.7;1975;https://www.kinopoisk.ru/film/46368;2020-01-03 11:24:19
7;Начало;8.663;8.8;2010;https://www.kinopoisk.ru/film/447301;2020-01-03 11:24:11
143;Назад в будущее 3;8.168;7.4;1990;https://www.kinopoisk.ru/film/7103;2020-01-03 11:24:11
82;Назад в будущее 2;8.288;7.8;1989;https://www.kinopoisk.ru/film/5502;2020-01-03 11:24:11
21;Назад в будущее;8.626;8.5;1985;https://www.kinopoisk.ru/film/476;2020-01-03 11:24:11
277;Навсикая из долины ветров;8.112;8.1;1984;https://www.kinopoisk.ru/film/8240;2020-01-03 11:24:19
147;На несколько долларов больше;8.167;8.3;1965;https://www.kinopoisk.ru/film/8190;2020-01-03 11:24:11
404;На игле;7.939;8.1;1995;https://www.kinopoisk.ru/film/515;2020-01-03 11:24:27
441;На войне как на войне;8.223;8.0;1968;https://www.kinopoisk.ru/film/46285;2020-01-03 11:24:27
340;Мэри и Макс;7.866;8.1;2009;https://www.kinopoisk.ru/film/378246;2020-01-03 11:24:19
387;Мэверик;8.094;7.0;1994;https://www.kinopoisk.ru/film/4378;2020-01-03 11:24:19
233;Мулан;8.065;7.6;1998;https://www.kinopoisk.ru/film/5277;2020-01-03 11:24:19
245;Мужики!..;8.088;7.6;1981;https://www.kinopoisk.ru/film/46745;2020-01-03 11:24:19
376;Мстители: Война бесконечности;7.867;8.5;2018;https://www.kinopoisk.ru/film/843649;2020-01-03 11:24:19
398;Моя прекрасная леди;8.06;7.8;1964;https://www.kinopoisk.ru/film/7666;2020-01-03 11:24:19
336;Мотылек;8.019;8.0;1973;https://www.kinopoisk.ru/film/4525;2020-01-03 11:24:19
307;Мосты округа Мэдисон;7.977;7.6;1995;https://www.kinopoisk.ru/film/1886;2020-01-03 11:24:19
429;Мост Ватерлоо;8.042;7.8;1940;https://www.kinopoisk.ru/film/16759;2020-01-03 11:24:27
66;Москва слезам не верит;8.373;8.1;1979;https://www.kinopoisk.ru/film/46708;2020-01-03 11:24:11
483;Море внутри;7.814;8.0;2004;https://www.kinopoisk.ru/film/41830;2020-01-03 11:24:27
55;Молчание ягнят;8.331;8.6;1990;https://www.kinopoisk.ru/film/345;2020-01-03 11:24:11
180;Мой сосед Тоторо;8.189;8.2;1988;https://www.kinopoisk.ru/film/8221;2020-01-03 11:24:11
122;Могила светлячков;8.178;8.5;1988;https://www.kinopoisk.ru/film/8219;2020-01-03 11:24:11
356;Мне двадцать лет;8.106;7.8;1964;https://www.kinopoisk.ru/film/46660;2020-01-03 11:24:19
343;Мимино;8.064;8.2;1977;https://www.kinopoisk.ru/film/46638;2020-01-03 11:24:19
337;Метрополис;8.045;8.3;1927;https://www.kinopoisk.ru/film/417;2020-01-03 11:24:19
128;Меня зовут Кхан;8.096;8.0;2010;https://www.kinopoisk.ru/film/406340;2020-01-03 11:24:11
392;Мемуары гейши;7.965;7.4;2005;https://www.kinopoisk.ru/film/77132;2020-01-03 11:24:19
218;Медведь;7.994;7.7;1988;https://www.kinopoisk.ru/film/22907;2020-01-03 11:24:19
306;Мачеха;8.014;6.8;1998;https://www.kinopoisk.ru/film/1949;2020-01-03 11:24:19
457;Мачеха;8.093;7.2;1973;https://www.kinopoisk.ru/film/46494;2020-01-03 11:24:27
23;Матрица;8.49;8.7;1999;https://www.kinopoisk.ru/film/301;2020-01-03 11:24:11
321;Маска;7.974;6.9;1994;https://www.kinopoisk.ru/film/6039;2020-01-03 11:24:19
240;Мандарины;8.065;8.2;2013;https://www.kinopoisk.ru/film/772017;2020-01-03 11:24:19
110;Мальчик в полосатой пижаме;8.173;7.8;2008;https://www.kinopoisk.ru/film/281251;2020-01-03 11:24:11
106;Малышка на миллион;8.074;8.1;2004;https://www.kinopoisk.ru/film/81297;2020-01-03 11:24:11
76;Малыш;8.244;8.3;1921;https://www.kinopoisk.ru/film/2127;2020-01-03 11:24:11
253;Максим Перепелица;8.134;7.7;1955;https://www.kinopoisk.ru/film/46512;2020-01-03 11:24:19
365;Мадагаскар;7.892;6.9;2005;https://www.kinopoisk.ru/film/6006;2020-01-03 11:24:19
414;М убийца;7.946;8.3;1931;https://www.kinopoisk.ru/film/373;2020-01-03 11:24:27
258;Люди в черном;7.967;7.3;1997;https://www.kinopoisk.ru/film/1091;2020-01-03 11:24:19
127;Любовь и голуби;8.263;8.1;1984;https://www.kinopoisk.ru/film/45146;2020-01-03 11:24:11
377;Лучшее предложение;7.96;7.8;2012;https://www.kinopoisk.ru/film/681849;2020-01-03 11:24:19
484;Лоуренс Аравийский;8.021;8.3;1962;https://www.kinopoisk.ru/film/347;2020-01-03 11:24:27
146;Лицо со шрамом;8.183;8.3;1983;https://www.kinopoisk.ru/film/4695;2020-01-03 11:24:11
255;Лис и пёс;8.175;7.3;1981;https://www.kinopoisk.ru/film/16117;2020-01-03 11:24:19
74;Летят журавли;8.291;8.3;1957;https://www.kinopoisk.ru/film/7724;2020-01-03 11:24:11
6;Леон;8.681;8.5;1994;https://www.kinopoisk.ru/film/389;2020-01-03 11:24:11
148;Ледниковый период;8.016;7.5;2002;https://www.kinopoisk.ru/film/707;2020-01-03 11:24:11
244;Леди и бродяга;8.169;7.3;1955;https://www.kinopoisk.ru/film/8227;2020-01-03 11:24:19
335;Легенды осени;7.987;7.5;1994;https://www.kinopoisk.ru/film/8827;2020-01-03 11:24:19
195;Легенда №17;7.971;7.5;2012;https://www.kinopoisk.ru/film/601564;2020-01-03 11:24:11
132;Легенда о пианисте;8.139;8.1;1998;https://www.kinopoisk.ru/film/8335;2020-01-03 11:24:11
273;Ла-Ла Ленд;7.891;8.0;2016;https://www.kinopoisk.ru/film/841081;2020-01-03 11:24:19
274;Курьер;8.038;8.0;1986;https://www.kinopoisk.ru/film/45028;2020-01-03 11:24:19
224;Крупная рыба;7.95;8.0;2003;https://www.kinopoisk.ru/film/9617;2020-01-03 11:24:19
14;Криминальное чтиво;8.619;8.9;1994;https://www.kinopoisk.ru/film/342;2020-01-03 11:24:11
389;Крестный отец 3;7.948;7.6;1990;https://www.kinopoisk.ru/film/4500;2020-01-03 11:24:19
60;Крестный отец 2;8.541;9.0;1974;https://www.kinopoisk.ru/film/327;2020-01-03 11:24:11
13;Крестный отец;8.734;9.2;1972;https://www.kinopoisk.ru/film/325;2020-01-03 11:24:11
220;Крепкий орешек;8.02;8.2;1988;https://www.kinopoisk.ru/film/471;2020-01-03 11:24:19
178;Красота по-американски;7.969;8.3;1999;https://www.kinopoisk.ru/film/351;2020-01-03 11:24:11
83;Красавица и чудовище;8.27;8.0;1991;https://www.kinopoisk.ru/film/540;2020-01-03 11:24:11
242;Крамер против Крамера;7.988;7.8;1979;https://www.kinopoisk.ru/film/1902;2020-01-03 11:24:19
381;Кошмар перед Рождеством;8.044;8.0;1993;https://www.kinopoisk.ru/film/8222;2020-01-03 11:24:19
498;Коты-аристократы;8.08;7.1;1970;https://www.kinopoisk.ru/film/26656;2020-01-03 11:24:27
164;Корпорация монстров;8.073;8.0;2001;https://www.kinopoisk.ru/film/458;2020-01-03 11:24:11
149;Король говорит!;7.977;8.0;2010;https://www.kinopoisk.ru/film/485311;2020-01-03 11:24:11
478;Король Лир;8.089;8.1;1970;https://www.kinopoisk.ru/film/44924;2020-01-03 11:24:27
8;Король Лев;8.773;8.5;1994;https://www.kinopoisk.ru/film/2360;2020-01-03 11:24:11
291;Кокаин;7.98;7.6;2001;https://www.kinopoisk.ru/film/616;2020-01-03 11:24:19
497;Когда деревья были большими;8.026;7.7;1961;https://www.kinopoisk.ru/film/44838;2020-01-03 11:24:27
355;Ко мне, Мухтар!;8.077;7.7;1964;https://www.kinopoisk.ru/film/44835;2020-01-03 11:24:19
371;Клуб «Завтрак»;8.025;7.9;1985;https://www.kinopoisk.ru/film/21844;2020-01-03 11:24:19
92;Клаус;8.638;8.3;2019;https://www.kinopoisk.ru/film/957887;2020-01-03 11:24:11
487;Класс;7.814;7.9;2007;https://www.kinopoisk.ru/film/320230;2020-01-03 11:24:27
292;Квартира;8.019;8.3;1960;https://www.kinopoisk.ru/film/404;2020-01-03 11:24:19
293;Касабланка;8.023;8.5;1942;https://www.kinopoisk.ru/film/330;2020-01-03 11:24:19
22;Карты, деньги, два ствола;8.546;8.2;1998;https://www.kinopoisk.ru/film/522;2020-01-03 11:24:11
489;Капернаум;8.135;8.4;2018;https://www.kinopoisk.ru/film/1118042;2020-01-03 11:24:27
349;Калина красная;8.064;7.8;1973;https://www.kinopoisk.ru/film/44691;2020-01-03 11:24:19
126;Как украсть миллион;8.206;7.6;1966;https://www.kinopoisk.ru/film/10156;2020-01-03 11:24:11
415;Как приручить дракона 2;7.921;7.8;2014;https://www.kinopoisk.ru/film/512883;2020-01-03 11:24:27
57;Как приручить дракона;8.201;8.1;2010;https://www.kinopoisk.ru/film/280172;2020-01-03 11:24:11
115;Казино;8.125;8.2;1995;https://www.kinopoisk.ru/film/2494;2020-01-03 11:24:11
48;Кавказская пленница, или Новые приключения Шурика;8.457;8.4;1966;https://www.kinopoisk.ru/film/44745;2020-01-03 11:24:11
477;Ищите женщину  (ТВ);8.16;7.9;1982;https://www.kinopoisk.ru/film/77277;2020-01-03 11:24:27
181;Исчезнувшая;7.94;8.1;2014;https://www.kinopoisk.ru/film/692861;2020-01-03 11:24:11
243;История игрушек: Большой побег;7.805;8.3;2010;https://www.kinopoisk.ru/film/258328;2020-01-03 11:24:19
413;История игрушек;7.894;8.3;1995;https://www.kinopoisk.ru/film/482;2020-01-03 11:24:27
302;История Хатико;8.132;8.1;1987;https://www.kinopoisk.ru/film/38145;2020-01-03 11:24:19
390;Искусственный разум;7.917;7.2;2001;https://www.kinopoisk.ru/film/594;2020-01-03 11:24:19
382;Искупление;7.983;7.8;2007;https://www.kinopoisk.ru/film/255611;2020-01-03 11:24:19
197;Ирония судьбы, или С легким паром!  (ТВ);8.206;8.2;1975;https://www.kinopoisk.ru/film/77331;2020-01-03 11:24:11
189;Ип Ман;8.26;8.0;2008;https://www.kinopoisk.ru/film/409507;2020-01-03 11:24:11
18;Интерстеллар;8.59;8.6;2014;https://www.kinopoisk.ru/film/258687;2020-01-03 11:24:11
401;Интервью с вампиром;7.96;7.6;1994;https://www.kinopoisk.ru/film/8151;2020-01-03 11:24:27
388;Индиана Джонс: В поисках утраченного ковчега;7.997;8.4;1981;https://www.kinopoisk.ru/film/339;2020-01-03 11:24:19
182;Индиана Джонс и последний крестовый поход;8.065;8.2;1989;https://www.kinopoisk.ru/film/472;2020-01-03 11:24:11
194;Иллюзионист;8.012;7.6;2005;https://www.kinopoisk.ru/film/102198;2020-01-03 11:24:11
72;Изгой;8.252;7.8;2000;https://www.kinopoisk.ru/film/627;2020-01-03 11:24:11
249;Иди и смотри;8.077;8.3;1985;https://www.kinopoisk.ru/film/42571;2020-01-03 11:24:19
17;Игры разума;8.555;8.2;2001;https://www.kinopoisk.ru/film/530;2020-01-03 11:24:11
426;Игра по чужим правилам;7.866;7.2;2006;https://www.kinopoisk.ru/film/77423;2020-01-03 11:24:27
63;Игра;8.252;7.8;1997;https://www.kinopoisk.ru/film/12198;2020-01-03 11:24:11
250;Иваново детство;8.046;8.1;1962;https://www.kinopoisk.ru/film/42667;2020-01-03 11:24:19
10;Иван Васильевич меняет профессию;8.782;8.4;1973;https://www.kinopoisk.ru/film/42664;2020-01-03 11:24:11
475;Золушка;8.045;7.3;1949;https://www.kinopoisk.ru/film/8231;2020-01-03 11:24:27
499;Золушка;7.982;7.6;1947;https://www.kinopoisk.ru/film/45398;2020-01-03 11:24:27
155;Золотой теленок;8.192;8.4;1968;https://www.kinopoisk.ru/film/45389;2020-01-03 11:24:11
222;Золотая лихорадка;8.058;8.2;1925;https://www.kinopoisk.ru/film/478;2020-01-03 11:24:19
190;Знахарь;8.159;7.8;1981;https://www.kinopoisk.ru/film/80749;2020-01-03 11:24:11
228;Знакомьтесь, Джо Блэк;8.031;7.2;1998;https://www.kinopoisk.ru/film/5059;2020-01-03 11:24:19
447;Зеркало;8.07;8.1;1974;https://www.kinopoisk.ru/film/45275;2020-01-03 11:24:27
308;Земляничная поляна;8.011;8.2;1957;https://www.kinopoisk.ru/film/508;2020-01-03 11:24:19
269;Земля до начала времен;8.019;7.4;1988;https://www.kinopoisk.ru/film/7107;2020-01-03 11:24:19
2;Зеленая миля;9.061;8.6;1999;https://www.kinopoisk.ru/film/435;2020-01-03 11:24:11
99;Зеленая книга;8.324;8.2;2018;https://www.kinopoisk.ru/film/1108577;2020-01-03 11:24:11
191;Звёздочки на земле;8.126;8.4;2007;https://www.kinopoisk.ru/film/280562;2020-01-03 11:24:11
187;Звёздные войны: Эпизод 6 – Возвращение Джедая;8.15;8.3;1983;https://www.kinopoisk.ru/film/447;2020-01-03 11:24:11
227;Звёздные войны: Эпизод 5 – Империя наносит ответный удар;8.128;8.7;1980;https://www.kinopoisk.ru/film/338;2020-01-03 11:24:19
290;Звёздные войны: Эпизод 4 – Новая надежда;8.108;8.6;1977;https://www.kinopoisk.ru/film/333;2020-01-03 11:24:19
174;Звёздные войны: Эпизод 3 – Месть Ситхов;8.052;7.5;2005;https://www.kinopoisk.ru/film/5619;2020-01-03 11:24:11
473;Звёздные войны: Эпизод 1 – Скрытая угроза;7.9;6.5;1999;https://www.kinopoisk.ru/film/6695;2020-01-03 11:24:27
462;Звуки музыки;8.052;8.0;1965;https://www.kinopoisk.ru/film/7665;2020-01-03 11:24:27
71;Зверополис;8.295;8.0;2016;https://www.kinopoisk.ru/film/775276;2020-01-03 11:24:11
162;Заплати другому;8.075;7.2;2000;https://www.kinopoisk.ru/film/782;2020-01-03 11:24:11
42;Запах женщины;8.451;8.0;1992;https://www.kinopoisk.ru/film/4871;2020-01-03 11:24:11
261;Заложница;7.913;7.8;2007;https://www.kinopoisk.ru/film/276376;2020-01-03 11:24:19
364;Законопослушный гражданин;8.007;7.4;2009;https://www.kinopoisk.ru/film/406408;2020-01-03 11:24:19
207;Загадочная история Бенджамина Баттона;8.044;7.8;2008;https://www.kinopoisk.ru/film/81555;2020-01-03 11:24:19
342;Завтрак у Тиффани;8.095;7.7;1961;https://www.kinopoisk.ru/film/17721;2020-01-03 11:24:19
225;Завтра была война;8.033;7.8;1987;https://www.kinopoisk.ru/film/45244;2020-01-03 11:24:19
476;За пригоршню долларов;8.018;8.0;1964;https://www.kinopoisk.ru/film/8455;2020-01-03 11:24:27
474;За бортом;7.992;6.9;1987;https://www.kinopoisk.ru/film/16115;2020-01-03 11:24:27
439;Жить;8.137;8.3;1952;https://www.kinopoisk.ru/film/64131;2020-01-03 11:24:27
11;Жизнь прекрасна;8.626;8.6;1997;https://www.kinopoisk.ru/film/381;2020-01-03 11:24:11
461;Жизнь как чудо;7.887;7.6;2004;https://www.kinopoisk.ru/film/48555;2020-01-03 11:24:27
93;Жизнь других;8.068;8.4;2006;https://www.kinopoisk.ru/film/126196;2020-01-03 11:24:11
361;Жизнь в розовом цвете;7.901;7.6;2007;https://www.kinopoisk.ru/film/197134;2020-01-03 11:24:19
235;Жизнь Пи;7.821;7.9;2012;https://www.kinopoisk.ru/film/158786;2020-01-03 11:24:19
137;Жизнь Дэвида Гейла;8.057;7.6;2002;https://www.kinopoisk.ru/film/738;2020-01-03 11:24:11
203;Жестокий романс;8.083;8.0;1984;https://www.kinopoisk.ru/film/45314;2020-01-03 11:24:19
209;Дурак;8.056;8.0;2014;https://www.kinopoisk.ru/film/808639;2020-01-03 11:24:19
314;Другие;7.937;7.6;2001;https://www.kinopoisk.ru/film/494;2020-01-03 11:24:19
12;Достучаться до небес;8.629;8.0;1997;https://www.kinopoisk.ru/film/32898;2020-01-03 11:24:11
363;Дорога;8.033;8.0;1954;https://www.kinopoisk.ru/film/531;2020-01-03 11:24:19
408;Дом, в котором я живу;8.056;7.6;1957;https://www.kinopoisk.ru/film/44270;2020-01-03 11:24:27
304;Доктор Стрейнджлав, или Как я научился не волноваться и полюбил атомную бомбу;8.062;8.4;1963;https://www.kinopoisk.ru/film/334;2020-01-03 11:24:19
283;Доживем до понедельника;8.091;8.0;1968;https://www.kinopoisk.ru/film/44299;2020-01-03 11:24:19
239;Догвилль;7.932;8.0;2003;https://www.kinopoisk.ru/film/7226;2020-01-03 11:24:19
121;Добро пожаловать, или Посторонним вход воспрещен;8.264;8.1;1964;https://www.kinopoisk.ru/film/44238;2020-01-03 11:24:11
84;Дневник памяти;8.257;7.8;2004;https://www.kinopoisk.ru/film/3561;2020-01-03 11:24:11
427;Джон Ф. Кеннеди: Выстрелы в Далласе;7.873;8.0;1991;https://www.kinopoisk.ru/film/1107;2020-01-03 11:24:27
112;Джокер;8.108;8.7;2019;https://www.kinopoisk.ru/film/1048334;2020-01-03 11:24:11
35;Джентльмены удачи;8.526;8.5;1971;https://www.kinopoisk.ru/film/44386;2020-01-03 11:24:11
59;Джанго освобожденный;8.181;8.4;2012;https://www.kinopoisk.ru/film/586397;2020-01-03 11:24:11
338;Дети Дон-Кихота;8.192;7.5;1966;https://www.kinopoisk.ru/film/44159;2020-01-03 11:24:19
297;Десять негритят;8.14;7.9;1987;https://www.kinopoisk.ru/film/44156;2020-01-03 11:24:19
117;День сурка;8.104;8.0;1993;https://www.kinopoisk.ru/film/527;2020-01-03 11:24:11
354;Деловые люди;8.159;7.7;1963;https://www.kinopoisk.ru/film/44128;2020-01-03 11:24:19
107;Девчата;8.355;8.0;1962;https://www.kinopoisk.ru/film/44168;2020-01-03 11:24:11
433;Девушка на мосту;7.863;7.6;1999;https://www.kinopoisk.ru/film/47397;2020-01-03 11:24:27
251;Девочка, покорившая время;7.962;7.8;2006;https://www.kinopoisk.ru/film/273209;2020-01-03 11:24:19
367;Двухсотлетний человек;7.984;6.9;1999;https://www.kinopoisk.ru/film/7640;2020-01-03 11:24:19
395;Двойная страховка;7.978;8.3;1944;https://www.kinopoisk.ru/film/364;2020-01-03 11:24:19
369;Двенадцать месяцев;8.022;7.5;1956;https://www.kinopoisk.ru/film/46788;2020-01-03 11:24:19
417;Грязные танцы;8.049;7.0;1987;https://www.kinopoisk.ru/film/1996;2020-01-03 11:24:27
264;Грань будущего;7.939;7.9;2014;https://www.kinopoisk.ru/film/505851;2020-01-03 11:24:19
67;Гран Торино;8.131;8.1;2008;https://www.kinopoisk.ru/film/408410;2020-01-03 11:24:11
430;Город грехов;7.849;8.0;2005;https://www.kinopoisk.ru/film/77443;2020-01-03 11:24:27
435;Город героев;7.926;7.8;2014;https://www.kinopoisk.ru/film/693126;2020-01-03 11:24:27
125;Город Бога;8.018;8.6;2002;https://www.kinopoisk.ru/film/439;2020-01-03 11:24:11
102;Гонка;8.08;8.1;2013;https://www.kinopoisk.ru/film/596125;2020-01-03 11:24:11
150;Головоломка;8.007;8.2;2015;https://www.kinopoisk.ru/film/645118;2020-01-03 11:24:11
350;Гнев;7.908;7.7;2004;https://www.kinopoisk.ru/film/6889;2020-01-03 11:24:19
19;Гладиатор;8.578;8.5;2000;https://www.kinopoisk.ru/film/474;2020-01-03 11:24:11
368;Герой;7.905;7.9;2002;https://www.kinopoisk.ru/film/889;2020-01-03 11:24:19
238;Гаттака;7.948;7.8;1997;https://www.kinopoisk.ru/film/5012;2020-01-03 11:24:19
211;Гарри Поттер и философский камень;8.201;7.6;2001;https://www.kinopoisk.ru/film/689;2020-01-03 11:24:19
200;Гарри Поттер и узник Азкабана;8.136;7.9;2004;https://www.kinopoisk.ru/film/322;2020-01-03 11:24:11
445;Гарри Поттер и Тайная комната;8.032;7.4;2002;https://www.kinopoisk.ru/film/688;2020-01-03 11:24:27
214;Гарри Поттер и Дары Смерти: Часть II;8.091;8.1;2011;https://www.kinopoisk.ru/film/407636;2020-01-03 11:24:19
301;Гараж;8.017;8.1;1979;https://www.kinopoisk.ru/film/44467;2020-01-03 11:24:19
166;Ганди;8.065;8.0;1982;https://www.kinopoisk.ru/film/513;2020-01-03 11:24:11
275;Гангстер;7.936;7.8;2007;https://www.kinopoisk.ru/film/252156;2020-01-03 11:24:19
317;Гамлет;8.045;8.3;1964;https://www.kinopoisk.ru/film/44457;2020-01-03 11:24:19
481;Вторая жизнь Уве;7.881;7.7;2015;https://www.kinopoisk.ru/film/848894;2020-01-03 11:24:27
384;Всё о Еве;8.008;8.2;1950;https://www.kinopoisk.ru/film/372;2020-01-03 11:24:19
366;Вспоминая Титанов;7.956;7.8;2000;https://www.kinopoisk.ru/film/799;2020-01-03 11:24:19
396;Время цыган;7.942;8.3;1988;https://www.kinopoisk.ru/film/63782;2020-01-03 11:24:19
266;Восхождение;8.029;8.3;1976;https://www.kinopoisk.ru/film/7765;2020-01-03 11:24:19
463;Волшебная страна;7.879;7.7;2004;https://www.kinopoisk.ru/film/4511;2020-01-03 11:24:27
490;Война и мир: Андрей Болконский;8.033;8.2;1965;https://www.kinopoisk.ru/film/45817;2020-01-03 11:24:27
432;Война и мир;8.077;8.3;1965;https://www.kinopoisk.ru/film/38898;2020-01-03 11:24:27
168;Воин;8.029;8.2;2011;https://www.kinopoisk.ru/film/442568;2020-01-03 11:24:11
400;Возвращение;7.851;8.0;2003;https://www.kinopoisk.ru/film/47040;2020-01-03 11:24:19
184;Военный ныряльщик;8.051;7.2;2000;https://www.kinopoisk.ru/film/751;2020-01-03 11:24:11
33;Властелин колец: Две крепости;8.564;8.7;2002;https://www.kinopoisk.ru/film/312;2020-01-03 11:24:11
20;Властелин колец: Возвращение Короля;8.621;8.9;2003;https://www.kinopoisk.ru/film/3498;2020-01-03 11:24:11
29;Властелин колец: Братство кольца;8.568;8.8;2001;https://www.kinopoisk.ru/film/328;2020-01-03 11:24:11
265;Взвод;8.009;8.1;1986;https://www.kinopoisk.ru/film/468;2020-01-03 11:24:19
163;Вечное сияние чистого разума;8.024;8.3;2004;https://www.kinopoisk.ru/film/5492;2020-01-03 11:24:11
256;Весна, лето, осень, зима... и снова весна;7.911;8.0;2003;https://www.kinopoisk.ru/film/47814;2020-01-03 11:24:19
288;Весна на Заречной улице;7.912;7.6;1956;https://www.kinopoisk.ru/film/45748;2020-01-03 11:24:19
282;Великий диктатор;8.067;8.5;1940;https://www.kinopoisk.ru/film/431;2020-01-03 11:24:19
440;Великий Гэтсби;7.939;7.3;2013;https://www.kinopoisk.ru/film/463724;2020-01-03 11:24:27
348;Великан;7.938;7.3;1998;https://www.kinopoisk.ru/film/4384;2020-01-03 11:24:19
486;Ведьмина служба доставки;8.042;7.9;1989;https://www.kinopoisk.ru/film/2428;2020-01-03 11:24:27
230;Вверх;7.984;8.2;2009;https://www.kinopoisk.ru/film/325381;2020-01-03 11:24:19
450;Варвара-краса, длинная коса;8.06;7.3;1970;https://www.kinopoisk.ru/film/45665;2020-01-03 11:24:27
165;Вам и не снилось...;8.189;7.9;1980;https://www.kinopoisk.ru/film/45660;2020-01-03 11:24:11
373;Ва-банк;8.01;7.9;1981;https://www.kinopoisk.ru/film/32371;2020-01-03 11:24:19
30;ВАЛЛ·И;8.306;8.4;2008;https://www.kinopoisk.ru/film/279102;2020-01-03 11:24:11
160;В случае убийства набирайте «М»;8.113;8.2;1954;https://www.kinopoisk.ru/film/9028;2020-01-03 11:24:11
443;В поисках Немо;7.867;8.1;2003;https://www.kinopoisk.ru/film/7908;2020-01-03 11:24:27
78;В погоне за счастьем;8.248;8.0;2006;https://www.kinopoisk.ru/film/104938;2020-01-03 11:24:11
456;В лес, где мерцают светлячки;8.242;7.9;2011;https://www.kinopoisk.ru/film/635553;2020-01-03 11:24:27
279;В диких условиях;7.924;8.1;2007;https://www.kinopoisk.ru/film/252626;2020-01-03 11:24:19
43;В джазе только девушки;8.461;8.2;1959;https://www.kinopoisk.ru/film/356;2020-01-03 11:24:11
28;В бой идут одни «старики»;8.709;8.4;1973;https://www.kinopoisk.ru/film/25108;2020-01-03 11:24:11
494;В августе 44-го;7.885;7.5;2001;https://www.kinopoisk.ru/film/41381;2020-01-03 11:24:27
458;Бэтмен: Начало;7.906;8.2;2005;https://www.kinopoisk.ru/film/47237;2020-01-03 11:24:27
383;Бэмби;8.074;7.3;1942;https://www.kinopoisk.ru/film/8154;2020-01-03 11:24:19
309;Бумажная луна;8.068;8.0;1973;https://www.kinopoisk.ru/film/5033;2020-01-03 11:24:19
289;Бронкская история;7.987;7.8;1993;https://www.kinopoisk.ru/film/7466;2020-01-03 11:24:19
24;Бриллиантовая рука;8.517;8.5;1968;https://www.kinopoisk.ru/film/46225;2020-01-03 11:24:11
393;Брестская крепость;7.958;7.5;2010;https://www.kinopoisk.ru/film/436263;2020-01-03 11:24:19
202;Брат 2;8.094;7.8;2000;https://www.kinopoisk.ru/film/41520;2020-01-03 11:24:19
103;Брат;8.229;8.0;1997;https://www.kinopoisk.ru/film/41519;2020-01-03 11:24:11
485;Босоногий Гэн;8.013;8.0;1983;https://www.kinopoisk.ru/film/252330;2020-01-03 11:24:27
303;Босиком по мостовой;7.923;7.2;2005;https://www.kinopoisk.ru/film/81584;2020-01-03 11:24:19
31;Большой куш;8.535;8.3;2000;https://www.kinopoisk.ru/film/526;2020-01-03 11:24:11
465;Большой;7.915;7.3;1988;https://www.kinopoisk.ru/film/4688;2020-01-03 11:24:27
411;Большая прогулка;8.095;8.0;1966;https://www.kinopoisk.ru/film/61815;2020-01-03 11:24:27
9;Бойцовский клуб;8.645;8.8;1999;https://www.kinopoisk.ru/film/361;2020-01-03 11:24:11
403;Богемская рапсодия;7.956;8.0;2018;https://www.kinopoisk.ru/film/568289;2020-01-03 11:24:27
151;Блеф;8.233;7.5;1976;https://www.kinopoisk.ru/film/10179;2020-01-03 11:24:11
231;Билли Эллиот;7.917;7.7;2000;https://www.kinopoisk.ru/film/610;2020-01-03 11:24:19
161;Бешеные псы;8.116;8.3;1991;https://www.kinopoisk.ru/film/394;2020-01-03 11:24:11
419;Бесславные ублюдки;7.885;8.3;2009;https://www.kinopoisk.ru/film/9691;2020-01-03 11:24:27
198;Берегись автомобиля;8.166;8.2;1966;https://www.kinopoisk.ru/film/46089;2020-01-03 11:24:11
284;Бен-Гур;8.072;8.1;1959;https://www.kinopoisk.ru/film/436;2020-01-03 11:24:19
173;Белый плен;8.121;7.3;2005;https://www.kinopoisk.ru/film/79204;2020-01-03 11:24:11
79;Белый Бим Черное ухо;8.371;8.2;1976;https://www.kinopoisk.ru/film/46068;2020-01-03 11:24:11
344;Белые росы;8.203;7.6;1984;https://www.kinopoisk.ru/film/46080;2020-01-03 11:24:19
428;Белорусский вокзал;8.064;7.9;1971;https://www.kinopoisk.ru/film/46063;2020-01-03 11:24:27
399;Белое солнце пустыни;8.03;7.9;1969;https://www.kinopoisk.ru/film/46066;2020-01-03 11:24:19
469;Безумный Макс: Дорога ярости;7.813;8.1;2015;https://www.kinopoisk.ru/film/453406;2020-01-03 11:24:27
353;Безумно влюбленный;8.115;7.0;1981;https://www.kinopoisk.ru/film/147969;2020-01-03 11:24:19
493;Беглецы;7.941;7.1;1986;https://www.kinopoisk.ru/film/20897;2020-01-03 11:24:27
407;Беглец;7.888;7.8;1993;https://www.kinopoisk.ru/film/3915;2020-01-03 11:24:27
496;Бег;8.068;7.8;1970;https://www.kinopoisk.ru/film/46047;2020-01-03 11:24:27
88;Балто;8.329;7.1;1995;https://www.kinopoisk.ru/film/7097;2020-01-03 11:24:11
104;Баллада о солдате;8.249;8.2;1959;https://www.kinopoisk.ru/film/46019;2020-01-03 11:24:11
459;Афоня;8.03;7.9;1975;https://www.kinopoisk.ru/film/43423;2020-01-03 11:24:27
133;Афера;8.14;8.3;1973;https://www.kinopoisk.ru/film/383;2020-01-03 11:24:11
236;Аты-баты, шли солдаты...;8.106;7.8;1976;https://www.kinopoisk.ru/film/43553;2020-01-03 11:24:19
118;Артист;7.941;7.9;2011;https://www.kinopoisk.ru/film/539550;2020-01-03 11:24:11
169;Апокалипсис сегодня;8.146;8.4;1979;https://www.kinopoisk.ru/film/354;2020-01-03 11:24:11
213;Апокалипсис;7.96;7.8;2006;https://www.kinopoisk.ru/film/160977;2020-01-03 11:24:19
172;Андрей Рублев;8.169;8.2;1966;https://www.kinopoisk.ru/film/8385;2020-01-03 11:24:11
370;Андеграунд;7.92;8.1;1995;https://www.kinopoisk.ru/film/7698;2020-01-03 11:24:19
325;Анастасия;8.077;7.1;1997;https://www.kinopoisk.ru/film/2513;2020-01-03 11:24:19
34;Американская история X;8.296;8.5;1998;https://www.kinopoisk.ru/film/382;2020-01-03 11:24:11
157;Амели;7.997;8.3;2001;https://www.kinopoisk.ru/film/341;2020-01-03 11:24:11
95;Амадей;8.154;8.3;1984;https://www.kinopoisk.ru/film/397;2020-01-03 11:24:11
120;Аладдин;8.129;8.0;1992;https://www.kinopoisk.ru/film/2361;2020-01-03 11:24:11
96;Адвокат дьявола;8.164;7.5;1997;https://www.kinopoisk.ru/film/3797;2020-01-03 11:24:11
286;Август Раш;7.976;7.5;2007;https://www.kinopoisk.ru/film/86566;2020-01-03 11:24:19
226;Аватар;7.94;7.8;2009;https://www.kinopoisk.ru/film/251733;2020-01-03 11:24:19
129;Ford против Ferrari;8.185;8.3;2019;https://www.kinopoisk.ru/film/835086;2020-01-03 11:24:11
360;5 сантиметров в секунду;7.917;7.6;2007;https://www.kinopoisk.ru/film/280961;2020-01-03 11:24:19
341;38-я параллель;7.925;8.1;2004;https://www.kinopoisk.ru/film/80221;2020-01-03 11:24:19
136;12 стульев;8.245;8.3;1971;https://www.kinopoisk.ru/film/46789;2020-01-03 11:24:11
41;12 разгневанных мужчин;8.51;8.9;1956;https://www.kinopoisk.ru/film/346;2020-01-03 11:24:11
5;1+1;8.807;8.5;2011;https://www.kinopoisk.ru/film/535341;2020-01-03 11:24:11
49;...А зори здесь тихие;8.504;8.2;1972;https://www.kinopoisk.ru/film/43395;2020-01-03 11:24:11
